query,title,url,snippet,source
Types of ad fraud in mobile marketing,What is mobile ad fraud? | Adjust,https://www.adjust.com/glossary/mobile-ad-fraud/,"The objective of fraudsters is to steal from advertising budgets. Types of mobile ad fraud include click spam, click injection, and SDK spoofing. Mobile ad ...",Google Search API
Types of ad fraud in mobile marketing,What is mobile ad fraud? | AppsFlyer mobile glossary,https://www.appsflyer.com/glossary/mobile-ad-fraud/,"Types of mobile ad fraud. When examining the most common fraud methods, these can be broken down into 2 main categories: attribution hijacking and fake installs ...",Google Search API
Types of ad fraud in mobile marketing,Mobile ad fraud: Empirical patterns in publisher and advertising ...,https://www.sciencedirect.com/science/article/abs/pii/S016781162300068X,"... types of ad fraud studied are significant in the advertising market. We identify some app and campaign characteristics correlated with ad fraud, and uncover ...",Google Search API
Types of ad fraud in mobile marketing,Mobile ad fraud: The marketer's field guide | AppsFlyer,https://www.appsflyer.com/resources/guides/mobile-ad-fraud-for-marketers/,"A type of scheme where fraudsters manipulate online advertising conversion flows to falsely obtain advertising budgets. CPM, CPA, CPS, and other advertising ...",Google Search API
Types of ad fraud in mobile marketing,What is ad fraud? 13 Common Types & How to Prevent Ad Fraud,https://datadome.co/guides/click-fraud/what-it-is-ad-fraud/,"Sep 7, 2022 ... Since malicious actors target web and mobile ads, monitoring for bot traffic is a way that advertisers, marketers, and publishers can prevent ...",Google Search API
Types of ad fraud in mobile marketing,Types of Mobile Advertising Fraud Across Industries | mFilterIt Blogs,https://www.mfilterit.com/blog/types-of-mobile-advertising-fraud-across-industries/,"Feb 8, 2021 ... One of the most common types of mobile ad fraud, ad stacking is a scheme where multiple ads are served and displayed at once, one on top of the ...",Google Search API
Types of ad fraud in mobile marketing,Ad Fraud in Mobile Advertising: The Next Battleground - Comscore ...,https://www.comscore.com/Insights/Blog/Ad-Fraud-in-Mobile-Advertising-The-Next-Battleground,"At best, IVT impressions are entirely wasted, and at worst, they are direct theft. Figure 1: Different Types of IVT. Different Types of IVT. If marketers have ...",Google Search API
Types of ad fraud in mobile marketing,The dark side of mobile advertising: How to fight mobile ad fraud ...,https://www.businessofapps.com/insights/the-dark-side-of-mobile-advertising-how-to-fight-mobile-ad-fraud/,"May 10, 2023 ... Ad stacking. As the name suggests, this fraudulent activity scams advertisers by stacking ads on top of one another. This type of fraud is ...",Google Search API
Types of ad fraud in mobile marketing,What is ad fraud? | Singular,https://www.singular.net/glossary/ad-fraud/,"To solve this challenge, many marketers rely on third-party ad fraud prevention tools like those Singular offers. What are some common types of Ad Fraud? There ...",Google Search API
Types of ad fraud in mobile marketing,How to Prevent Mobile Ad Fraud - Integral Ad Science,https://integralads.com/insider/how-to-prevent-mobile-ad-fraud/,"Feb 2, 2024 ... Protect your advertising spend from fraudsters in mobile apps · What is mobile app ad fraud? · What are the common types of ad fraud within apps?",Google Search API
Install fraud prevention techniques,45+ Fraud Prevention Tips to Keep You Safe In 2024,https://www.aura.com/learn/fraud-prevention-tips,"Collect your mail daily and set up mail forwarding. Mail fraud is becoming more common, leading many to invest in secure mailboxes. ✓ Take action: Scammers can ...",Google Search API
Install fraud prevention techniques,What is click validation? | Singular,https://www.singular.net/glossary/click-validation/,"Learn how Singular's fraud prevention techniques, including click validation, can help ensure your ad spend isn't wasted!",Google Search API
Install fraud prevention techniques,Safeguard Your Ad Budget With Dynamic Fraud Defense | Branch,https://www.branch.io/fraud-protection/,Identify and prevent new fraud with advanced detection techniques. Block ... Monitor high click-to-install rates as this fraud method thrives when clicks lead to ...,Google Search API
Install fraud prevention techniques,"Mobile Fraud Detection: Types, Techniques & Best Practices",https://www.getfocal.ai/blog/mobile-fraud-detection,"Jul 28, 2024 ... Learn why strong mobile fraud detection is vital for protecting businesses from account takeovers, click fraud, & app install fraud in ...",Google Search API
Install fraud prevention techniques,10 Effective WooCommerce Fraud Prevention Strategies,https://www.fixrunner.com/10-effective-woocommerce-fraud-prevention-strategies/,"Jul 28, 2023 ... 10 Effective WooCommerce Fraud Prevention Techniques ... Click on Install Now to install it. Install Fraudlabs for WooCommerce fraud prevention.",Google Search API
Install fraud prevention techniques,What is fraud prevention and how does it help protect your business ...,https://www.fraud.com/post/fraud-prevention,Who uses fraud prevention? Fraud prevention examples; How fraud prevention works – Prevention techniques ... add an extra layer of security to your accounts.,Google Search API
Install fraud prevention techniques,15 Ecommerce Fraud Prevention Best Practices for Merchants,https://datadome.co/learning-center/ecommerce-fraud-prevention-best-practices/,Integrate multiple data sources; Monitor Security Posture; Identify Risks; Install Updates in a Timely Manner; Authenticate Users; Customize Policies ...,Google Search API
Install fraud prevention techniques,5 Steps to Install Magento 2 Fraud Detection Extension,https://www.mgt-commerce.com/blog/magento-2-fraud-detection/,It assesses fraud risk using the customerâ€™s IP address and payment method. Fraud detection helps score transactions and spot possible fraud more accurately.,Google Search API
Install fraud prevention techniques,Programmatic ad fraud detection: how to fortify AdTech platforms,https://xenoss.io/blog/programmatic-ad-fraud-detection,"Dec 15, 2021 ... Fraudsters can also steal the publisher's impression or misattribute the install. Ad fraud techniques such as SDK spoofing or ad injection can ...",Google Search API
Install fraud prevention techniques,Financial Fraud: A Review of Anomaly Detection Techniques and ...,https://www.sciencedirect.com/science/article/pii/S0957417421017164,"May 1, 2022 ... As such, the need for fraud detection systems to detect fraudulent acts after they have already been committed and the potential cost savings of ...",Google Search API
Ad fraud mitigation for mobile advertisers,What is mobile ad fraud? | Adjust,https://www.adjust.com/glossary/mobile-ad-fraud/,"Adjust's Fraud Prevention Suite works specifically on user acquisition fraud. The suite prevents fraudulent traffic from being attributed to your paid channels, ...",Google Search API
Ad fraud mitigation for mobile advertisers,How to Prevent Mobile Ad Fraud - Integral Ad Science,https://integralads.com/insider/how-to-prevent-mobile-ad-fraud/,"Feb 2, 2024 ... Plus, IAS's ad fraud detection and mitigation system is designed to effectively stop more bots compared to competitors, while ensuring that real ...",Google Search API
Ad fraud mitigation for mobile advertisers,"Advertising Fraud Losses to Reach $42 Billion in 2019, Driven by ...",https://www.juniperresearch.com/press/advertising-fraud-losses-to-reach-42-billion-in-2019-driven-by-evolving-tactics-by-fraudsters/,"May 21, 2019 ... ... fraudulent activities committed via online, mobile and in-app advertising. ... fraud detection and mitigation solutions specific to OTT TV ...",Google Search API
Ad fraud mitigation for mobile advertisers,A Marketer's Guide To Ad Fraud Detection Companies,https://www.forbes.com/sites/augustinefou/2020/08/14/my-review-of-ad-fraud-detection-technology-companies/,"Aug 14, 2020 ... Kochava, Secure-D, Scalarr, Machine, Interceptd, Appsflyer, Adjust - These companies' technologies and SDKs are used by advertisers to monitor ...",Google Search API
Ad fraud mitigation for mobile advertisers,Mobile ad fraud: The marketer's field guide | AppsFlyer,https://www.appsflyer.com/resources/guides/mobile-ad-fraud-for-marketers/,One form of bypassing install fraud detection is by fraudsters feeding false information into the advertiser servers. SDK hacking (AKA spoofing) is a type ...,Google Search API
Ad fraud mitigation for mobile advertisers,Uber Turned Off $100m of Ad Spend Due To Ad Fraud l Veracity,https://veracitytrustnetwork.com/blog/digital-marketing/uber-ad-fraud/,"Jun 7, 2024 ... Had the ads been legitimate, one would expect to see a substantial drop in installations when mobile advertising was suspended. Instead, when ...",Google Search API
Ad fraud mitigation for mobile advertisers,What is ad fraud? 13 Common Types & How to Prevent Ad Fraud,https://datadome.co/guides/click-fraud/what-it-is-ad-fraud/,"Sep 7, 2022 ... Since malicious actors target web and mobile ads, monitoring for bot traffic is a way that advertisers, marketers, and publishers can prevent ...",Google Search API
Ad fraud mitigation for mobile advertisers,Crowdsourcing for click fraud detection | EURASIP Journal on ...,https://jis-eurasipjournals.springeropen.com/articles/10.1186/s13635-019-0095-1,"Jul 22, 2019 ... Mobile ads are plagued with fraudulent clicks which is a major challenge for the advertising community. Although popular ad networks use ...",Google Search API
Ad fraud mitigation for mobile advertisers,Mobile ad fraud: Empirical patterns in publisher and advertising ...,https://www.sciencedirect.com/science/article/abs/pii/S016781162300068X,"... mobile devices (Lynch, 2021). A whitepaper published jointly by Juniper Research and the ad fraud detection company TrafficGuard estimated that one in 13 ...",Google Search API
Ad fraud mitigation for mobile advertisers,"Aided by Kochava Experts, Uber Recovers Millions from Ad Fraud ...",https://www.kochava.com/case-studies/uber/,"Jul 6, 2022 ... ... mobile advertising fraud scheme masterminded by an ad agency ... fraud detection and mitigation suite. Screen Shot at. The records included ...",Google Search API
Role of ad networks in combating ad fraud,201: An Ad Fraud Warning to Marketers from Reformed Provider ...,https://www.marketingtodaypodcast.com/201-an-ad-fraud-warning-to-marketers-from-reformed-provider-jampp/,"Apr 1, 2020 ... Meller begins by setting the record straight on how ad networks and programmatic function differently. Then learn how Jampp changed its business ...",Google Search API
Role of ad networks in combating ad fraud,Do click fraud tools actually work? : r/PPC,https://www.reddit.com/r/PPC/comments/10wubh0/do_click_fraud_tools_actually_work/,"Feb 8, 2023 ... Click fraud detection works really well with ad networks like Microsoft Ads, because they don't hide which scam websites are clicking on your ads.",Google Search API
Role of ad networks in combating ad fraud,The Critical Role of Ad Quality and Fraud Detection in Digital ...,https://newormedia.com/blog/the-critical-role-of-ad-quality-and-fraud-detection-in-digital-advertising/,"Jul 22, 2024 ... Fraudsters trick advertisers and ad networks into paying for fake ... Combating ad fraud benefits the entire digital advertising ecosystem.",Google Search API
Role of ad networks in combating ad fraud,Tackling Ad fraud on digital campaigns? : r/PPC,https://www.reddit.com/r/PPC/comments/1e6ayhm/tackling_ad_fraud_on_digital_campaigns/,"Jul 18, 2024 ... Don't advertise on Google Display Network. Both networks are usually responsible for more junk leads than plain old Google search. You'll ...",Google Search API
Role of ad networks in combating ad fraud,Preventing Ad Fraud: Strategies for Publishers to Secure Ad Tags,https://www.anura.io/fraud-tidbits/how-publishers-can-prevent-ad-fraud-on-their-ad-tags,"Publishers, in particular, have a critical role to play in preventing ad fraud on their ad tags. ... Choose reputable ad networks and demand transparency in your ...",Google Search API
Role of ad networks in combating ad fraud,A Publisher's Guide To Ad Fraud,https://www.monetizemore.com/blog/a-publishers-guide-to-ad-fraud/,"Nov 13, 2023 ... Once a fraudster gets a payout from an ad network for fraudulent ads ... Blockchain's role in combating ad fraud. As blockchain technology has ...",Google Search API
Role of ad networks in combating ad fraud,Ad Fraud: What It Is and the Role It Plays in CTV,https://www.strategus.com/blog/ad-fraud,"Apr 23, 2024 ... Explore the intricacies of ad fraud in CTV advertising, including types, prevention strategies, and how Strategus safeguards your campaigns.",Google Search API
Role of ad networks in combating ad fraud,What is ad fraud? | Ad click fraud | Cloudflare,https://www.cloudflare.com/learning/bots/what-is-ad-fraud/,"Online advertising fraud is a major issue for digital ad networks. When click bots are used, ad fraud is a type of click fraud. Learn how ad fraud works.",Google Search API
Role of ad networks in combating ad fraud,The Ultimate Guide to Click Fraud - How to Detect Click Fraud ...,https://www.ppchero.com/the-ultimate-guide-to-click-fraud/,"May 13, 2024 ... The operation led to several arrests and highlighted the importance of cross-industry collaboration in combating ad fraud. 3. ZeroAccess ...",Google Search API
Role of ad networks in combating ad fraud,Strategies for Combating Ad Fraud From Day 1 - Liftoff,https://liftoff.io/blog/strategies-for-combating-ad-fraud-from-day-1/,"Sep 23, 2019 ... This is especially true for display ad networks running across a broad sweep of publishers. If your app normally has a day 1 retention rate of ...",Google Search API
Legal implications of mobile ad fraud,The Absence of Laws Against Ad Fraud: Reasons and Implications,https://www.anura.io/blog/why-arent-there-laws-to-stop-ad-fraud,The Lanham Act prohibits false or misleading advertising. This law has been used to prosecute ad fraud cases where advertisers have inflated their click-through ...,Google Search API
Legal implications of mobile ad fraud,Truth In Advertising | Federal Trade Commission,https://www.ftc.gov/news-events/topics/truth-advertising,Topics · Consumer Finance · Mergers and Competition · Mobile Technology Issues · The ... Glossary of Scams and Legal Terms · Explore Data with the FTC - Find out ...,Google Search API
Legal implications of mobile ad fraud,Uber Turned Off $100m of Ad Spend Due To Ad Fraud l Veracity,https://veracitytrustnetwork.com/blog/digital-marketing/uber-ad-fraud/,"Jun 7, 2024 ... Speaking at the Mobile Marketing Association's Impact Conference in 2018, he further explained what had gone on at Uber. Apps that Uber placed ...",Google Search API
Legal implications of mobile ad fraud,Why do mobile games use fake games as advertising? : r/gamedev,https://www.reddit.com/r/gamedev/comments/10dqug6/why_do_mobile_games_use_fake_games_as_advertising/,"Jan 16, 2023 ... They will have someone in on the scam bet and lose for missing the obvious card making you want to bet because you see how easy it is. Upvote",Google Search API
Legal implications of mobile ad fraud,Understanding Ad Fraud and Its Implications in Digital Marketing,https://www.linkedin.com/pulse/understanding-ad-fraud-its-implications-digital-marketing-voleti-omwwc,"Jun 15, 2024 ... MRC Invalid Traffic Guidelines: The Media Rating Council's standards for identifying and mitigating invalid traffic. 2. Legal Frameworks. CAN- ...",Google Search API
Legal implications of mobile ad fraud,"What is Click Fraud? How it Works, Examples, and Red Flags | CHEQ",https://cheq.ai/blog/what-is-click-fraud/,"Jan 29, 2024 ... ... ad fraud campaigns have used domain spoofing to devastating effect. ... fraud that ended with legal consequences for the fraudsters. It ...",Google Search API
Legal implications of mobile ad fraud,What is mobile ad fraud? | Adjust,https://www.adjust.com/glossary/mobile-ad-fraud/,How does ad fraud impact mobile marketing? Digital ad fraud costs ... Legal Notice · Privacy Policy · CCPA · Terms · Forget Device · Service Status.,Google Search API
Legal implications of mobile ad fraud,Ad Fraud and Its Impact on Local Media Spending - BIA Advisory ...,https://bia.com/blog/ad-fraud-and-its-impact-on-local-media-spending/,"Feb 28, 2019 ... But surprisingly it can actually be legal, although others acts committed by fraudsters may not be. ... fraud levels 46% is mobile ad fraud. Of ...",Google Search API
Legal implications of mobile ad fraud,"Updated: DoubleVerify report, Ad fraud schemes using generative AI ...",https://digiday.com/media-buying/doubleverify-report-ad-fraud-schemes-using-generative-ai-will-increase-in-scale-sophistication/,"Jun 18, 2024 ... ... mobile web, mobile app and ... ad fraud and other issues like misinformation have continued raising warnings about impending issues.",Google Search API
Legal implications of mobile ad fraud,Is Click Fraud Illegal? What the Law Says Across Different Countries,https://fraudblocker.com/articles/is-click-fraud-illegal,"Aug 15, 2024 ... Discover the legal implications of click fraud. Learn about penalties and fines across different countries and how to protect your business.",Google Search API
Economic impact of ad fraud on mobile marketing,Mobile ad fraud: The marketer's field guide | AppsFlyer,https://www.appsflyer.com/resources/guides/mobile-ad-fraud-for-marketers/,Fraud tactics like malicious bots or device farms directly impact marketing campaigns by draining advertising resources on fake users who pose zero value.,Google Search API
Economic impact of ad fraud on mobile marketing,Uber Turned Off $100m of Ad Spend Due To Ad Fraud l Veracity,https://veracitytrustnetwork.com/blog/digital-marketing/uber-ad-fraud/,"Jun 7, 2024 ... Speaking at the Mobile Marketing Association's Impact Conference in 2018, he further explained what had gone on at Uber. Apps that Uber placed ...",Google Search API
Economic impact of ad fraud on mobile marketing,2021 State of mobile ad fraud [Report] | AppsFlyer,https://www.appsflyer.com/resources/reports/mobile-ad-fraud-state/,"As a long-existing factor in the mobile app economy, however, fraud activity isn't immune to market shifts and global events that affect the advertising budgets ...",Google Search API
Economic impact of ad fraud on mobile marketing,Mobile ad fraud: Empirical patterns in publisher and advertising ...,https://www.sciencedirect.com/science/article/abs/pii/S016781162300068X,"Ad fraud has serious consequences for brands. It ... Empirical research is non-existent in the marketing and economic ... In addition, academic research on the ...",Google Search API
Economic impact of ad fraud on mobile marketing,Mobile Ad Fraud: Impact on Businesses and Strategies to Combat It,https://www.anura.io/fraud-tidbits/mobile-ad-fraud-and-its-impact-on-businesses,Discover how mobile ad fraud can drain your advertising budget. Learn how to empower your business to combat fraud and optimize your mobile ad campaigns.,Google Search API
Economic impact of ad fraud on mobile marketing,What is ad blocking?,https://www.singular.net/glossary/ad-blocking/,"Consequences of ad blocking for mobile advertising. The rise in ad blocking has created a negative economic impact on online and mobile publishers, leading to ...",Google Search API
Economic impact of ad fraud on mobile marketing,How much does ad fraud cost businesses each year? (stats),https://www.lunio.ai/blog/ad-fraud-cost-statistics,"Nov 17, 2022 ... Table of Contents. Ad fraud cost to businesses. Mobile ad fraud costs ... advertising has become one of the most important channels for marketers ...",Google Search API
Economic impact of ad fraud on mobile marketing,Ad Fraud Benchmarks You Need to Know in 2022,https://www.clickguard.com/blog/ad-fraud-benchmarks/,"Jul 11, 2022 ... (Google Economic Impact); According to Google ... And with so many people connecting to the internet via mobile devices, mobile ad fraud is also ...",Google Search API
Economic impact of ad fraud on mobile marketing,Ad Fraud in Mobile Marketing: Identifying and Overcoming ...,https://www.z2adigital.com/blog-content/ad-fraud-in-mobile-marketing-identifying-and-overcoming-challenges,"Aug 17, 2023 ... Beyond the financial implications, ad fraud tarnishes the reputation of mobile advertising and erodes trust between advertisers and publishers.",Google Search API
Economic impact of ad fraud on mobile marketing,What Is Click Fraud? - Integral Ad Science,https://integralads.com/insider/what-is-click-fraud/,"Aug 5, 2024 ... Financial impact: Advertisers pay for each click on their ads, whether legitimate or fraudulent. Click fraud can drain advertising budgets ...",Google Search API
Artificial Intelligence in ad fraud detection,AI and Machine Learning in Ad Fraud: How They're Changing the ...,https://www.anura.io/fraud-tidbits/artificial-intelligence-and-machine-learning-in-ad-fraud,"For instance, an ad fraud prevention system may use AI to simulate realistic user interactions, providing a baseline for detecting anomalies. ML algorithms then ...",Google Search API
Artificial Intelligence in ad fraud detection,Click fraud detection for online advertising using machine learning ...,https://www.sciencedirect.com/science/article/pii/S1110866523000294,"In this paper, several Machine Learning models were constructed to establish whether the user is a human or a bot and conducted a comparative performance ...",Google Search API
Artificial Intelligence in ad fraud detection,How Does VeraViews Use Artificial Intelligence & Machine Learning ...,https://medium.com/verasity/how-does-veraviews-use-artificial-intelligence-machine-learning-5e26075b3b38,"Mar 6, 2023 ... By analysing data, AI and ML can predict which ad placements are likely to be fraudulent. This can help prevent ads from being placed on ...",Google Search API
Artificial Intelligence in ad fraud detection,A Marketer's Guide To Ad Fraud Detection Companies,https://www.forbes.com/sites/augustinefou/2020/08/14/my-review-of-ad-fraud-detection-technology-companies/,"Aug 14, 2020 ... Do they even know to look? Also, don't blindly believe the hype around AI and ML (artificial intelligence and machine learning). The AI/ ...",Google Search API
Artificial Intelligence in ad fraud detection,How AI is Used in Fraud Detection – Benefits & Risks,https://datadome.co/learning-center/ai-fraud-detection/,DataDome uses AI and machine learning (ML) to provide state-of-the-art protection. Schedule a free product demo today. Common Types of Fraud AI Can Detect. Card ...,Google Search API
Artificial Intelligence in ad fraud detection,Programmatic Ad Fraud Detection: Machine Learning Against False ...,https://postindustria.com/programmatic-ad-fraud-detection-machine-learning-against-false-clicks/,"Jun 30, 2022 ... Click fraud is a set of techniques to dishonestly generate clicks on a PPC advertisement. In most cases, the end goal can be either increasing the publisher's ...",Google Search API
Artificial Intelligence in ad fraud detection,"Advertising Fraud Losses to Reach $42 Billion in 2019, Driven by ...",https://www.juniperresearch.com/press/advertising-fraud-losses-to-reach-42-billion-in-2019-driven-by-evolving-tactics-by-fraudsters/,"May 21, 2019 ... The new research, Future Digital Advertising: Artificial Intelligence & Advertising Fraud ... prevention. Additionally, it includes a ...",Google Search API
Artificial Intelligence in ad fraud detection,Click Fraud Detection Techniques to Protect Your Campaigns,https://blog.optickssecurity.com/click-fraud-detection-techniques,"Dec 14, 2022 ... To classify new data and predict the likelihood of ad fraud, machine learning methodologies use historical data that has already been classified ...",Google Search API
Artificial Intelligence in ad fraud detection,Southern District of New York - Department of Justice,https://www.justice.gov/usao-sdny/pr/former-ceo-kubient-inc-charged-and-pleads-guilty-connection-accounting-fraud-scheme,"Sep 16, 2024 ... ... fraud detection tool, Kubient Artificial Intelligence (“KAI”). ... detect ad fraud in the digital advertising industry. To carry out his ...",Google Search API
Artificial Intelligence in ad fraud detection,Combating Ad Fraud with Machine Learning and Human Supervision,https://blog.optickssecurity.com/fighting-ad-fraud-with-machine-learning-human-supervision,"Jun 22, 2022 ... With fraudsters seemingly one step ahead of them at every turn, marketers are turning to more sophisticated prevention technologies like machine ...",Google Search API
Machine learning algorithms for ad fraud prevention,How to Improve Fraud Detection With Machine Learning,https://datadome.co/learning-center/fraud-detection-machine-learning/,"Jun 22, 2023 ... Neural Networks: This type of machine learning algorithm is modeled after the structure of the human brain, using a layer-based “deep learning” ...",Google Search API
Machine learning algorithms for ad fraud prevention,Click fraud detection for online advertising using machine learning ...,https://www.sciencedirect.com/science/article/pii/S1110866523000294,"The intelligent techniques considered in this article were DT, SVM, NB, Ripper, PART, NN, and RF. The empirical results showed that all the considered ...",Google Search API
Machine learning algorithms for ad fraud prevention,Click Fraud Detection Techniques to Protect Your Campaigns,https://blog.optickssecurity.com/click-fraud-detection-techniques,"Dec 14, 2022 ... To classify new data and predict the likelihood of ad fraud, machine learning ... Outlier detection algorithms find data points that differ ...",Google Search API
Machine learning algorithms for ad fraud prevention,10 ad fraud prevention tools and how to use them efficiently,https://greenm.io/ad-fraud-prevention-tools/,"Jan 31, 2024 ... Pattern recognition. Pattern recognition algorithms leverage machine learning and data analytics to identify recurring patterns and trends ...",Google Search API
Machine learning algorithms for ad fraud prevention,How Machine Learning Helps Prevent Ad Fraud,https://blog.optickssecurity.com/anti-ad-fraud-machine-learning,"Dec 11, 2020 ... Machine learning extracts patterns and identifies relationships within datasets. From this, algorithms are applied to datasets to detect fraud.",Google Search API
Machine learning algorithms for ad fraud prevention,AI and Machine Learning in Ad Fraud: How They're Changing the ...,https://www.anura.io/fraud-tidbits/artificial-intelligence-and-machine-learning-in-ad-fraud,"For instance, an ad fraud prevention system may use AI to simulate realistic user interactions, providing a baseline for detecting anomalies. ML algorithms then ...",Google Search API
Machine learning algorithms for ad fraud prevention,AI and Machine Learning for Programmatic Ad Fraud Prevention,https://www.linkedin.com/advice/0/how-do-you-leverage-ai-machine-learning-2e,"Mar 13, 2023 ... AI and machine learning offer powerful tools for detecting fraud in programmatic advertising by analyzing vast data sets to identify irregular ...",Google Search API
Machine learning algorithms for ad fraud prevention,Programmatic Ad Fraud Detection: Machine Learning Against False ...,https://postindustria.com/programmatic-ad-fraud-detection-machine-learning-against-false-clicks/,"Jun 30, 2022 ... Logistic regression. Logistic regression is a basic ML algorithm to solve binary classification problems (when you are choosing between ...",Google Search API
Machine learning algorithms for ad fraud prevention,"Applied Scientist, Ad Fraud Detection, Traffic Quality - ML - Job ID ...",https://www.amazon.jobs/jobs/2808028/applied-scientist-ad-fraud-detection-traffic-quality--ml?cmpid=bsp-amazon-science,"... ad sources, and weed them out to ensure a high quality advertising marketplace. We do this by building machine learning and optimization algorithms that ...",Google Search API
Machine learning algorithms for ad fraud prevention,Safeguarding the Digital Ad Ecosystem: Strategies for Ad Fraud ...,https://www.admonsters.com/safeguarding-the-digital-ad-ecosystem-strategies-for-ad-fraud-prevention-in-2024/,"May 9, 2024 ... Today's fraud detection tools leverage machine learning, data ... Machine learning algorithms can glean insights from past data and ...",Google Search API
Blockchain technology in ad fraud prevention,Leveraging Blockchain Technology in Digital Advertising ...,https://www.marinsoftware.com/blog/leveraging-blockchain-technology-in-digital-advertising-enhancing-transparenc-y-security-and-ad-fraud-prevention,"Leveraging Blockchain Technology in Digital Advertising: Enhancing Transparenc​​y, Security, and Ad Fraud Prevention. November 5, 2023. For more than 20 ...",Google Search API
Blockchain technology in ad fraud prevention,Is blockchain the answer to digital advertising's trust gap: PwC,https://www.pwc.com/us/en/industries/tmt/library/blockchain-in-advertising.html,"Blockchain can help overcome the complexity of digital advertising ... Each point where data flows among participants is a point of weakness, where fraud, error, ...",Google Search API
Blockchain technology in ad fraud prevention,"Blockchain Technology In Digital Advertising: Transparency, Fraud ...",https://kuey.net/index.php/kuey/article/view/1477,"Apr 18, 2024 ... By leveraging its inherent characteristics such as decentralization, immutability, and transparency, blockchain offers a novel approach to ...",Google Search API
Blockchain technology in ad fraud prevention,(PDF) Blockchain Technology In Digital Advertising: Transparency ...,https://www.researchgate.net/publication/379925338_Blockchain_Technology_In_Digital_Advertising_Transparency_Fraud_Prevention_And_Trust,"Apr 19, 2024 ... the prevalence of fraudulent activities. • Fraud Prevention: The immutability of blockchain ensures that once a transaction is recorded, it ...",Google Search API
Blockchain technology in ad fraud prevention,How Blockchain Technology Can Combat Ad Fraud | Anura,https://www.anura.io/blog/how-blockchain-can-help-in-the-fight-against-ad-fraud,"Apr 5, 2018 ... To mitigate ad fraud, blockchain may be the tool your fraud fighting arsenal needs. Learn about what blockchain is and why you need it.",Google Search API
Blockchain technology in ad fraud prevention,Ad Fraud Prevention Technology vs. Fraudsters' Latest Tech,https://blog.optickssecurity.com/ad-fraud-prevention-technology-vs-fraudsters,"Apr 19, 2023 ... Discover the real technology fraudsters are using and the sophisticated ad fraud prevention technology that gives you the best chance of ...",Google Search API
Blockchain technology in ad fraud prevention,Telefónica Tech and Adwatch apply Blockchain against digital ad ...,https://www.telefonica.com/en/communication-room/press-room/telefonica-tech-and-adwatch-apply-blockchain-against-digital-ad-fraud/,"Feb 6, 2023 ... Telefónica Tech and Adwatch apply Blockchain against digital ad fraud ... In this way, the advertiser enjoys total control and transparency ...",Google Search API
Blockchain technology in ad fraud prevention,Blockchain's impact on ad fraud: A transparent revolution in digital ...,https://www.storyboard18.com/how-it-works/blockchains-impact-on-ad-fraud-a-transparent-revolution-in-digital-advertising-21162.htm,"Jan 29, 2024 ... ... ad fraud prevention and take it mainstream. Public blockchain networks may struggle with scalability, leading to slower transaction ...",Google Search API
Blockchain technology in ad fraud prevention,What The Blockchain Means For Marketing - SK Agency,https://www.sk.agency/what-the-blockchain-means-for-marketing/,"... block, preventing fraud. What Does Blockchain Marketing Mean? Blockchain ... Simultaneously, Brave's ad blocker leverages blockchain technology to ...",Google Search API
Blockchain technology in ad fraud prevention,"Blockchain Technology, Fraud Prevention and the Future of Wine ...",https://www.wineenthusiast.com/culture/wine/blockchain-wine-fraud/,"May 8, 2023 ... Peter Click, the winery's vice president of international sales, says it adopted the technology to get wines to consumers in optimal condition.",Google Search API
Best practices for mobile ad fraud prevention,Mobile ad fraud: The marketer's field guide | AppsFlyer,https://www.appsflyer.com/resources/guides/mobile-ad-fraud-for-marketers/,"Alongside the growth in advertising budgets, online ad fraud has been steadily growing and developing, applying deceptive practices to try and obtain a piece of ...",Google Search API
Best practices for mobile ad fraud prevention,Mobile Ad Fraud: 4 Best Practices to Fighting Click Spamming | Liftoff,https://liftoff.io/blog/mobile-ad-fraud-4-best-practices-fighting-click-spamming/,"Nov 8, 2017 ... Fraudsters use several tactics to steal ad dollars away from advertisers, including click spamming. Liftoff gives a few tips on preventing ...",Google Search API
Best practices for mobile ad fraud prevention,What is Ad Fraud Detection? | Anura,https://www.anura.io/ad-fraud-detection,"In ad stacking, multiple ads are layered on top of each other in a web page or mobile app. ... best practices in ad fraud prevention. Dedicated Support. Anura ...",Google Search API
Best practices for mobile ad fraud prevention,Best practices for ad fraud protection - New Digital Age,https://newdigitalage.co/strategy/best-practices-for-ad-fraud-protection/,The cost of mobile ad fraud is rising exponentially each year and fraudsters aren't showing any signs of letting up in their attempts to steal from ad budgets.,Google Search API
Best practices for mobile ad fraud prevention,How to prevent mobile ad fraud | Branch,https://www.branch.io/guides/how-to-prevent-mobile-ad-fraud/,Learn all about different mobile ad fraud types as well as the protections against click fraud and best practices for mobile ad fraud prevention.,Google Search API
Best practices for mobile ad fraud prevention,Kochava Advises Best Practices for Ad Fraud Protection - Ad Tech ...,https://adtechdaily.com/2024/09/11/kochava-advises-best-practices-for-ad-fraud-protection/,"Sep 11, 2024 ... ... strategies among advertisers. Grant is also a leading fraud expert in mobile advertising who helped Uber process over 58 billion records and ...",Google Search API
Best practices for mobile ad fraud prevention,How to Protect Your Budget from the Hidden Cost of Mobile Ad Fraud,https://www.branch.io/resources/blog/how-to-protect-your-budget-from-the-hidden-cost-of-mobile-ad-fraud/,"Jan 27, 2020 ... Download the white paper, Mobile Ad Fraud Prevention Best Practices, to learn more — and stay tuned for more posts in this series on Branch's ...",Google Search API
Best practices for mobile ad fraud prevention,Safeguarding the Digital Ad Ecosystem: Strategies for Ad Fraud ...,https://www.admonsters.com/safeguarding-the-digital-ad-ecosystem-strategies-for-ad-fraud-prevention-in-2024/,"May 9, 2024 ... Safeguarding the Digital Ad Ecosystem: Strategies for Ad Fraud Prevention in 2024 ... mobile devices to access the Internet. This is what ...",Google Search API
Best practices for mobile ad fraud prevention,Get the marketer's guide to mobile ad formats | Adjust,https://www.adjust.com/blog/how-to-choose-the-right-ad-formats-for-your-app/,"Feb 4, 2022 ... Mobile advertising strategies: Seven best practices. 1. Adapt ... Ensure you have adequate fraud prevention. Mobile ad fraud affects all ...",Google Search API
Best practices for mobile ad fraud prevention,Ad fraud prevention best practices: X-Forwarded-For (XFF) IP ...,https://www.pixalate.com/blog/best-practices-xff-ip-address-blocking-ad-fraud,"Jan 10, 2018 ... Pixalate explains X-Forwarded-For (XFF) and the best practices for detecting, targeting and blocking IP addresses to reduce ad fraud and ...",Google Search API
Third-party verification tools for ad fraud detection,A Marketer's Guide To Ad Fraud Detection Companies,https://www.forbes.com/sites/augustinefou/2020/08/14/my-review-of-ad-fraud-detection-technology-companies/,"Aug 14, 2020 ... It means an informed third party (an E&Y accountant) rigorously interviewed the fraud ... FRAUD DETECTION AND VERIFICATION COMPANIES. Note ...",Google Search API
Third-party verification tools for ad fraud detection,What is Ad Verification and How Does It Work? - Clearcode,https://clearcode.cc/blog/ad-verification/,Some publishers resort to elaborate methods to detect fraudulent bot traffic that may impact and misrepresent audiences in front of advertisers: Bot traps: ...,Google Search API
Third-party verification tools for ad fraud detection,Brand safety targeting - Display & Video 360 Help,https://support.google.com/displayvideo/answer/3032915?hl=en,You can use third-party verification technology to enforce brand safety thresholds for impressions you purchase. ... Ad Fraud Prevention: Exclude ...,Google Search API
Third-party verification tools for ad fraud detection,A marketeer's guide to programmatic ad fraud | Medium,https://medium.com/@SNeefischer/a-marketeers-guide-to-programmatic-ad-fraud-c19a547f7a25,"Nov 26, 2023 ... Ad fraud detection tools check fake clicks and views by monitoring your ads. ... Consider using third-party auditing to pinpoint ad budget ...",Google Search API
Third-party verification tools for ad fraud detection,Configure Microsoft Entra multifactor authentication settings,https://learn.microsoft.com/en-us/entra/identity/authentication/howto-mfa-mfasettings,"Oct 4, 2024 ... ... AD FS through MFA Server or a third-party multifactor authentication solution. ... This reaction sets off a verification loop between Microsoft ...",Google Search API
Third-party verification tools for ad fraud detection,Preventing Ad Fraud: Strategies for Marketers | TechWyse Internet ...,https://www.techwyse.com/blog/digital-marketing-101/preventing-ad-fraud-strategies-for-marketers,"Aug 21, 2024 ... Implementing Advanced Ad Verification and Fraud Detection Technologies. To strengthen your defences against ad fraud ... Third-Party Verification.",Google Search API
Third-party verification tools for ad fraud detection,Ten bullet points - What Dr. Fou Would Say About Digital Ad Fraud,https://www.linkedin.com/pulse/ten-bullet-points-what-dr-fou-would-say-digital-ad-fraud-fou,"Apr 13, 2023 ... ... fraud detection tools, and using third-party verification services. Ad fraud is a global problem that requires a coordinated effort from ...",Google Search API
Third-party verification tools for ad fraud detection,Best Ad Fraud Detection Companies for Publishers 2020 ...,https://headerbidding.co/ad-fraud-detection-companies/,"Dec 28, 2023 ... Should I Invest in Ad Fraud Detection Tools? ... They might be leveraging an in-house ad fraud detection tech or partnered with a third-party tool ...",Google Search API
Third-party verification tools for ad fraud detection,Declared vs Detected -- Why Javascript Detection Tags are Crucial,https://www.linkedin.com/pulse/declared-vs-detected-dr-augustine-fou,"Aug 30, 2023 ... Fraud verification vendors didn't measure 9 in 10 ads ... third party verification"" vendors were not ""independent third party verification.",Google Search API
Third-party verification tools for ad fraud detection,What is Ad Fraud – Voluum Glossary,https://voluum.com/blog/glossary/ad-fraud/,Combatting Ad Fraud. Ad Verification Tools: Employ third-party tools to monitor and verify ad placements and interactions. Fraud Detection Algorithms ...,Google Search API
Ad fraud in mobile gaming,Why are Mobile games pretty much allowed to false advertise? : r ...,https://www.reddit.com/r/Games/comments/g66bs1/why_are_mobile_games_pretty_much_allowed_to_false/,"Apr 22, 2020 ... Honestly, this is why the advertising platforms should be held responsible for the ads they show. If Facebook is showing a fraudulent ad, then ...",Google Search API
Ad fraud in mobile gaming,The Mobile Gaming Industry & Click Fraud | TrafficGuard,https://www.trafficguard.ai/blog/how-the-gaming-industry-can-level-up-against-ad-fraud-to-drive-more-viable-installs,"Mar 15, 2022 ... The mobile gaming industry's rapid increase in users and traffic makes it all the more appealing for fraudsters looking to steal a cut of the profits.",Google Search API
Ad fraud in mobile gaming,Why do mobile games use fake games as advertising? : r/gamedev,https://www.reddit.com/r/gamedev/comments/10dqug6/why_do_mobile_games_use_fake_games_as_advertising/,"Jan 16, 2023 ... This is technically illegal advertising because it misleads consumers. But because the games are free, there is no dollar-value in damages the ...",Google Search API
Ad fraud in mobile gaming,What is mobile ad fraud? | Adjust,https://www.adjust.com/glossary/mobile-ad-fraud/,"Mobile ad fraud is the attempt to defraud advertisers, publishers, or supply partners by exploiting mobile advertising technology.",Google Search API
Ad fraud in mobile gaming,Mobile game and app markers are exposed to $5.4B in fraud ...,https://venturebeat.com/gaming-business/mobile-game-and-app-markers-are-exposed-to-5-4b-in-fraud-appsflyer/,"Apr 4, 2023 ... Mobile game and app developers have been exposed to $5.4 billion in potential ad fraud during the economic downturn, according to a report from AppsFlyer.",Google Search API
Ad fraud in mobile gaming,Gaming & Ad Fraud Part 3 - Advertisers Should Level Up,https://www.linkedin.com/pulse/gaming-ad-fraud-part-3-advertisers-should-level-up-anura-io,"Mar 22, 2023 ... Today, research by the IAB and eMarketer shows that 79% of consumers prefer opt-in advertising, while 71% of US mobile app users say that value ...",Google Search API
Ad fraud in mobile gaming,The dark side of mobile advertising: How to fight mobile ad fraud ...,https://www.businessofapps.com/insights/the-dark-side-of-mobile-advertising-how-to-fight-mobile-ad-fraud/,"May 10, 2023 ... Techniques used to commit mobile ad fraud · Click spamming · Click injections · Ad stacking · SDK spoofing · Device farms · Geo-masking · Ad injection.",Google Search API
Ad fraud in mobile gaming,Fake Mobile Game Ads: Why Do Advertisers Use Them? - MAF,https://maf.ad/en/blog/fake-mobile-game-ads-advertisers/,"Mar 23, 2023 ... There are many fake mobile game ads that show gameplay unrelated to the actual games. Find out why advertisers use this strategy!",Google Search API
Ad fraud in mobile gaming,Mobile Gaming: Capitalising on the Power of Portable Play ...,https://www.exchangewire.com/blog/2023/10/26/mobile-gaming-capitalising-on-the-power-of-portable-play/,"Oct 26, 2023 ... Ad fraud is another significant issue for marketers looking to leverage mobile games. In 2022, companies lost around USD$80bn (~£65.4bn) to ...",Google Search API
Ad fraud in mobile gaming,Mobile ad fraud: The marketer's field guide | AppsFlyer,https://www.appsflyer.com/resources/guides/mobile-ad-fraud-for-marketers/,"The average install fraud rate for non-gaming apps currently stands at 31.8%, meaning almost one in three app installs is fraudulent. iOS vs. Android. When ...",Google Search API
Ad fraud in mobile video advertising,The Mobile Video Ad Lie. NYPost.com site loads 10Mb on iPhone ...,https://medium.com/@robleathern/the-mobile-video-ad-lie-938a6de51367,"Aug 28, 2015 ... If there is not willful fraud here, loading ads in the background ... Online advertising has a tragedy of the commons problem. Many ...",Google Search API
Ad fraud in mobile video advertising,How to Prevent Mobile Ad Fraud - Integral Ad Science,https://integralads.com/insider/how-to-prevent-mobile-ad-fraud/,"Feb 2, 2024 ... ... Video · Programmatic · Proprietary Platforms · Mobile & In-App · Digital Audio. By ... Protect your advertising spend from fraudsters in mobile ...",Google Search API
Ad fraud in mobile video advertising,YouTube doesn't want to take down scam ads : r/youtube,https://www.reddit.com/r/youtube/comments/18gjiqy/youtube_doesnt_want_to_take_down_scam_ads/,"Dec 12, 2023 ... The videos you linked to don't blatantly look like scams. This is ... mobile. Upvote 1. Downvote Award Share.",Google Search API
Ad fraud in mobile video advertising,"Mobile video ads achieve up to 88% in viewability rates, but ad fraud ...",https://www.businessofapps.com/news/mobile-video-ads-achieve-up-to-88-in-viewability-rates-but-ad-fraud-still-an-issue/,"Sep 16, 2022 ... Video ad impressions reached higher viewability rates (76% and more) than display (66% and more) during the first half of 2022, according to ...",Google Search API
Ad fraud in mobile video advertising,"If there's so much ad fraud, where does all that money go?",https://www.linkedin.com/pulse/theres-so-much-ad-fraud-where-does-all-money-go-augustine-fou,"Jan 12, 2023 ... The largest of advertisers all use large media buying agencies to spend their digital budgets. They make a media plan at the beginning of the ...",Google Search API
Ad fraud in mobile video advertising,Fighting Fraud In A Mobile-First World: How Marketers Can Stay ...,https://www.adexchanger.com/content-studio/fighting-fraud-in-a-mobile-first-world-how-marketers-can-stay-ahead-of-in-app-ivt/,"Jan 24, 2019 ... In fact, in-app's share of mobile video advertising alone is ... Mobile invalid traffic – particularly ad fraud – makes it hard to ...",Google Search API
Ad fraud in mobile video advertising,Mobile web video ad fraud rate by country 2022 | Statista,https://www.statista.com/statistics/1310625/mobile-web-video-ad-fraud-rate/,"Jun 20, 2023 ... In the first half of 2022, the ad fraud rate of mobile web video advertising in Germany stood at 1.9 percent and was the highest among the ...",Google Search API
Ad fraud in mobile video advertising,"Pixalate - Ad Fraud Protection, Privacy, and Compliance Platform ...",https://www.pixalate.com/,"Pixalate, the market-leading ad fraud protection, privacy, and compliance analytics platform for Connected TV (CTV), Mobile Advertising, and Websites.",Google Search API
Ad fraud in mobile video advertising,Mobile app ad fraud scheme stuffed banner ads with multiple video ...,https://martech.org/mobile-app-ad-fraud-scheme-stuffed-banner-ads-with-multiple-video-players/,"Mar 22, 2019 ... A mobile app ad fraud scheme involving banner ads being resold as premium video ad inventory on Android devices has turned up.",Google Search API
Ad fraud in mobile video advertising,5 Critical Questions To Boost Video Advertising Success - Clearcode,https://clearcode.cc/blog/video-advertising-success/,"Jun 3, 2016 ... Even better is mobile, where videos take on the full screen (including ads within the video). Another reason advertisers find video ads ...",Google Search API
Impact of ad fraud on mobile app store revenue,The Continued Growth and Resilience of Apple's App Store Ecosystem,https://www.apple.com/newsroom/pdfs/the-continued-growth-and-resilience-of-apples-app-store-ecosystem.pdf,"*** iOS in-app ad revenue; does not include mobile web, search ads, and Apple Search ads. In 2022, over. 90% of billings and sales facilitated by the ecosystem.",Google Search API
Impact of ad fraud on mobile app store revenue,Mobile ad fraud: The marketer's field guide | AppsFlyer,https://www.appsflyer.com/resources/guides/mobile-ad-fraud-for-marketers/,"... revenue generated from ads and in-app purchases as stated above. An app's ... This accumulates to Android's high install fraud rate, as off-store apps ...",Google Search API
Impact of ad fraud on mobile app store revenue,Building a Trusted Ecosystem for Millions of Apps - A threat analysis ...,https://www.apple.com/privacy/docs/Building_a_Trusted_Ecosystem_for_Millions_of_Apps_A_Threat_Analysis_of_Sideloading.pdf,"Automated Mobile Ad Fraud Detection,”. September 6, 2017. 29. La Porta, Liarna, “Trojan malware infecting 17 apps on the App Store,”. Wandera, October 24, 2019.",Google Search API
Impact of ad fraud on mobile app store revenue,Mobile app metrics: What you need to know in 2023 | AppsFlyer,https://www.appsflyer.com/blog/measurement-analytics/mobile-app-metrics/,"Oct 27, 2021 ... ... app store, install, engagement, revenue, and fraud. Let's make sense ... How can app marketers combat mobile ad fraud? Marketers should ...",Google Search API
Impact of ad fraud on mobile app store revenue,Ad Fraud Statistics (2023) - Business of Apps,https://www.businessofapps.com/ads/ad-fraud/research/ad-fraud-statistics/,"Mar 27, 2024 ... Further on we'll be presenting memorable examples of ad fraud, estimates for ad fraud cost, impact by region, app category and mobile OS, ad ...",Google Search API
Impact of ad fraud on mobile app store revenue,Mobile App Fraud Prevention & Detection - Combat App Scams,https://impact.com/marketing-intelligence/mobile-app-fraud-prevention/,"However, that doesn't mean you should avoid in-app ads. Apps engage users and open up new revenue streams for brands. With impact.com's tools and support, you ...",Google Search API
Impact of ad fraud on mobile app store revenue,app-ads.txt – Help Center,https://support.vungle.com/hc/en-us/articles/360055891252-app-ads-txt,"Sep 25, 2024 ... txt movement is crucial for publishers to maintain their revenue. Ad fraud prevention: app-ads.txt blocks unauthorized developers who ...",Google Search API
Impact of ad fraud on mobile app store revenue,"How to Make $80,000 Per Month on the Apple App Store | by ...",https://johnnylin.medium.com/how-to-make-80-000-per-month-on-the-apple-app-store-bdb943862e88,"Jun 9, 2017 ... But that's anecdotal, so I wondered: Where are these revenues coming from? I opened App Store to browse the top grossing apps. Step 1: Follow ...",Google Search API
Impact of ad fraud on mobile app store revenue,How a Russian Mobile App Developer Recruited Phones into a ...,https://www.occrp.org/en/investigation/how-a-russian-mobile-app-developer-recruited-phones-into-a-secret-ad-watching-robot-army,"Sep 9, 2021 ... Millions of phones were infected with an ad fraud malware botnet linked to Adeco, a Russian mobile app developer. ... fraudulent ad revenue. Data ...",Google Search API
Impact of ad fraud on mobile app store revenue,Mobile App Ad Fraud Prevention | TrafficGuard,https://www.trafficguard.ai/protect/mobile-ua,"Go on then. To stand out in crowded app stores, marketers need to squeeze as much value from their ad budgets as possible. Mobile app fraud protection is ...",Google Search API
Legal remedies for victims of mobile ad fraud,Truth In Advertising | Federal Trade Commission,https://www.ftc.gov/news-events/topics/truth-advertising,Mobile Cramming · Glossary of Scams and Legal Terms · Explore Data with the FTC - Find out about consumer fraud reports in your state and When the Federal Trade ...,Google Search API
Legal remedies for victims of mobile ad fraud,Office of Public Affairs | National Enforcement Action Results in 78 ...,https://www.justice.gov/opa/pr/national-enforcement-action-results-78-individuals-charged-25b-health-care-fraud,"Jun 28, 2023 ... Victims with questions may contact the Fraud Section's Victim Assistance Unit by calling the Victim Assistance phone line at 1-888-549-3945 ...",Google Search API
Legal remedies for victims of mobile ad fraud,YouTube doesn't want to take down scam ads : r/youtube,https://www.reddit.com/r/youtube/comments/18gjiqy/youtube_doesnt_want_to_take_down_scam_ads/,"Dec 12, 2023 ... At least in accordance to German law, if you could prove to YouTube an advertiser has set up a scam ad and YouTube won't take action after a ...",Google Search API
Legal remedies for victims of mobile ad fraud,National Elder Fraud Hotline | Office for Victims of Crime,https://ovc.ojp.gov/program/stop-elder-fraud/providing-help-restoring-hope,We have received reports of a scam in which scammers are claiming to be from the National Elder Fraud Hotline and threatening to file suits against the phone ...,Google Search API
Legal remedies for victims of mobile ad fraud,Victim of TotalAV...how should I proceed? : r/antivirus,https://www.reddit.com/r/antivirus/comments/16uwzs7/victim_of_totalavhow_should_i_proceed/,"Sep 29, 2023 ... ... fraud and you can report to the Police. And contact your banks/PayPal who should legally take action. If you go online and inform your banks ...",Google Search API
Legal remedies for victims of mobile ad fraud,Protecting Consumers at North Carolina Department of Justice,https://ncdoj.gov/protecting-consumers/,While we can't represent you in a private legal ... Stein's consumer protection team shuts down telemarketing fraud rings and helps victims get their money back ...,Google Search API
Legal remedies for victims of mobile ad fraud,Resources for Victims | State of California - Department of Justice ...,https://oag.ca.gov/cyberexploitation/victims,"Yes, as of July 2, 2015 victims of cyber exploitation have a private right of action against their perpetrators under California law. Assembly Bill 2643 ( ...",Google Search API
Legal remedies for victims of mobile ad fraud,Office for Victims of Crime: Home,https://ovc.ojp.gov/%3Cfront%3E,"OVC, a part of the U.S. Department of Justice, oversees programs and grants for service providers and other professionals who assist victims of crime.",Google Search API
Legal remedies for victims of mobile ad fraud,Telemarketing Scams - Do Not Call Registry. NC DOJ.,https://ncdoj.gov/protecting-consumers/telephones-telemarketing/telemarketing-do-not-call/,"Telemarketing Scams. Stop unwanted phone calls by signing up for the Do Not Call Registry. If you have been the victim of a scam, contact NC DOJ.",Google Search API
Legal remedies for victims of mobile ad fraud,Are you a victim of these LinkedIn Scams?,https://www.linkedin.com/pulse/you-victim-linkedin-scams-john-chen,"Oct 31, 2016 ... These numbers can then be used for phishing scams, spam calls, and repackaged to be sold off to phone marketing companies that can make your ...",Google Search API
International cooperation in combating mobile ad fraud,NEXD Insights - Current Statistics and Trends in Ad Fraud,https://www.nexd.com/blog/ad-fraud-statistics/,"Sep 19, 2024 ... This shift underscores the global nature of the ad fraud problem and the need for international cooperation in combating it. Mobile ad fraud ...",Google Search API
International cooperation in combating mobile ad fraud,Learn about UNCAC,https://www.unodc.org/corruption/en/uncac/learn-about-uncac.html,"... against corruption and fostering effective international cooperation. Today, this landmark anti-corruption instrument enjoys near universal adherence. At ...",Google Search API
International cooperation in combating mobile ad fraud,International Cooperation | Engagement with foreign jurisdictions for ...,https://star.worldbank.org/focus-area/international-cooperation,... mobile devices. International cooperation is ... international cooperation framework is essential for combatting money laundering and terrorism financing.,Google Search API
International cooperation in combating mobile ad fraud,United Nations Office on Drugs and Crime,https://www.unodc.org/,... Scam Farm · About UNODC · Annual Appeal · Annual Report · Careers · Evaluation · Funding and partnerships · Goodwill Ambassadors · International days and ...,Google Search API
International cooperation in combating mobile ad fraud,Anti-Scam Measures | IMDA,https://www.imda.gov.sg/how-we-can-help/anti-scam-measures,Scam and spam communications are a global issue requiring close international cooperation to tackle. ... phone calls. Some of our latest international ...,Google Search API
International cooperation in combating mobile ad fraud,SPF | International Cooperation Leading To The Biggest Recovery ...,https://www.police.gov.sg/media-room/news/20240803_international_cooperation_leading_to_the_biggest_recovery_of_over_usd_40_mil,"Aug 3, 2024 ... The Anti-Scam Centre (ASC) of the Singapore Police Force (SPF), in collaboration with Timor-Leste authorities and INTERPOL, has made the ...",Google Search API
International cooperation in combating mobile ad fraud,OLAF strengthens cooperation with U.S. partners - European ...,https://anti-fraud.ec.europa.eu/media-corner/news/olaf-strengthens-cooperation-us-partners-2023-03-20_en,"Mar 20, 2023 ... Cooperation arrangement signed between the European Anti-Fraud Office (OLAF) and the U.S. International Development Financing Cooperation (DFC).",Google Search API
International cooperation in combating mobile ad fraud,IAFCI Public Home Page,https://www.iafci.org/,COOPERATION. PREVENTION. Collectively Combating Financial and Cyber Fraud Globally! ... International Association of Financial Crimes Investigators (IAFCI).,Google Search API
International cooperation in combating mobile ad fraud,Anti-Money Laundering and Combating the Financing of Terrorism,https://www.imf.org/en/Topics/Financial-Integrity/amlcft,"In an increasingly interconnected world, the harm done by these crimes is global, affecting the integrity and stability of the international financial system.",Google Search API
International cooperation in combating mobile ad fraud,Policy | Federal Trade Commission,https://www.ftc.gov/reports/annual-highlights-2014/policy,"... advertising of weight loss products, wireless cramming, and phone scams. ... The FTC continues to develop international enforcement cooperation to combat ...",Google Search API
Ethical implications of mobile ad fraud,"Institute for Advertising Ethics, Alliance for Audited Media Partner to ...",https://auditedmedia.com/about/press/iae-aam-partner-to-educate-marketers-on-ethical-issues-of-ad-fraud,"Nov 30, 2022 ... Institute for Advertising Ethics, Alliance for Audited Media Partner to Educate Marketers on the Ethical Issues of Ad Fraud ... mobile, email and ...",Google Search API
Ethical implications of mobile ad fraud,Understanding Ad Fraud and Its Implications in Digital Marketing,https://www.linkedin.com/pulse/understanding-ad-fraud-its-implications-digital-marketing-voleti-omwwc,"Jun 15, 2024 ... Mobile and in-app advertising is expected to account for a larger share of digital ad spending, which could result in a corresponding rise in ...",Google Search API
Ethical implications of mobile ad fraud,Setting the future of digital and social media marketing research ...,https://www.sciencedirect.com/science/article/pii/S0268401220308082,"... mobile advertising effects that are specific to mobile media. ... Regardless of the quantity of data, the ethical implications of social media marketing need to ...",Google Search API
Ethical implications of mobile ad fraud,MAdFraud: investigating ad fraud in android applications,https://dl.acm.org/doi/10.1145/2594368.2594391,We take the first step to study mobile ad fraud perpetrated by Android apps. We identify two fraudulent ad behaviors in apps: 1) requesting ads while the app ...,Google Search API
Ethical implications of mobile ad fraud,The Impact of Ad Fraud on E-commerce Businesses: Protecting Your ...,https://clear.co/blog/how-to-protect-your-ecommerce-from-ad-fraud,"Oct 14, 2023 ... ... ad fraud, which involves various deceptive techniques used to exploit digital mobile advertisements. From click spamming and clickjacking to ...",Google Search API
Ethical implications of mobile ad fraud,The Ethics Of Ad Fraud And Those Who Support It,https://www.forbes.com/sites/augustinefou/2021/01/26/the-ethics-of-ad-fraud-and-those-who-support-it/,"Jan 27, 2021 ... What if you were considering robbing a bank? What if you were thinking about selling cocaine? How about digital ad fraud?",Google Search API
Ethical implications of mobile ad fraud,What is Ad Fraud and What Can You Do About It? - JSMM,https://jsmmtech.com/what-is-ad-fraud-and-what-can-you-do-about-it/,"Apr 17, 2024 ... ... impacts of ad fraud on the advertising industry. This incident ... This type of mobile ad fraud affects billed campaigns based on the ...",Google Search API
Ethical implications of mobile ad fraud,Google Click Fraud Exposed: Protecting Small Business Ads On ...,https://www.pricelessconsultingllc.com/advertising-marketing/google-click-fraud/,"Aug 7, 2024 ... Ethical Implications. Click fraud not only harms businesses ... ad fraud, alongside tools to help identify and mitigate fraud-related issues.",Google Search API
Ethical implications of mobile ad fraud,The Ethics of Digital Marketing - Digital Delane,https://digitaldelane.com/the-ethics-of-digital-marketing,Ad fraud can have a significant impact on the digital advertising industry. ... Digital marketers must recognize the ethical implications of their strategies and ...,Google Search API
Ethical implications of mobile ad fraud,The Absence of Laws Against Ad Fraud: Reasons and Implications,https://www.anura.io/blog/why-arent-there-laws-to-stop-ad-fraud,"With fraud putting this much of a drain on advertising revenue, it begs the question: Why aren't advertisers taking any legal recourse? Well, it turns out there ...",Google Search API
Future trends in mobile ad fraud prevention,Mobile ad fraud: The marketer's field guide | AppsFlyer,https://www.appsflyer.com/resources/guides/mobile-ad-fraud-for-marketers/,... new methods that are specifically designed to bypass standard install fraud detection methods. These new methods can only be identified retrospectively ...,Google Search API
Future trends in mobile ad fraud prevention,"Advertising Fraud Losses to Reach $42 Billion in 2019, Driven by ...",https://www.juniperresearch.com/press/advertising-fraud-losses-to-reach-42-billion-in-2019-driven-by-evolving-tactics-by-fraudsters/,"May 21, 2019 ... ... trends in AI in AIT and FaaS, alongside trends in AIT prevention. ... Future Mobile Award Winners Announced for Mobile Commerce 2014.",Google Search API
Future trends in mobile ad fraud prevention,How to Identify and Prevent Mobile Ad Fraud,https://tracker.my.com/blog/the-ultimate-guide-to-identifying-and-preventing-mobile-ad-fraud?lang=en,"Aug 26, 2022 ... Ad fraud trends and evolution, how to protect against and prevent mobile ad fraud ... Test new ad partners before launching full-scale campaigns.",Google Search API
Future trends in mobile ad fraud prevention,"Mobile Ad Fraud: Definition, Types, and Preventive Measures ...",https://www.adpushup.com/blog/mobile-ad-fraud-types-and-preventive-measures/,"Mar 17, 2023 ... Transparency in Ad Buying; Future Trends in Mobile Ad Fraud; Final Words on Mobile Ad Fraud; FAQs. Definition of Mobile Ad Fraud. Mobile ad ...",Google Search API
Future trends in mobile ad fraud prevention,Mobile Marketing Trends for 2021 and Beyond,https://affise.com/blog/mobile-marketing-trends/,Omnichannel Marketing · Social Commerce & M-commerce · Augmented Reality (AR) · New Search & Payment Methods · Mobile Privacy & Ad Fraud Prevention · AI-based ...,Google Search API
Future trends in mobile ad fraud prevention,Ironclad protection from mobile ad fraud on all fronts | Adjust,https://www.adjust.com/solutions/fraud-prevention/,"Adjust's Fraud Prevention Suite proactively prevents ad fraud. Our industry-leading, proactive shield safeguards your budgets and keeps your datasets clean.",Google Search API
Future trends in mobile ad fraud prevention,The Future of Digital Ad Protection: Emerging Tech and Trends,https://learn.g2.com/digital-ad-protection,"Jun 3, 2024 ... Protecting digital ads from ad fraud can lead the way into the future, building a seamless and secure advertising landscape.",Google Search API
Future trends in mobile ad fraud prevention,MEF CONNECTS the Future of Mobile Fraud Prevention - MEF,https://mobileecosystemforum.com/mef-connects-the-future-of-mobile-fraud-prevention/,"... Advertising · Connectivity ... Our keynote speaker will discuss the latest trends, innovations, and predictions for the future of mobile fraud prevention.",Google Search API
Future trends in mobile ad fraud prevention,"""ERIAKOS"" Scam Campaign: Detected by Recorded Future's ...",https://www.recordedfuture.com/research/eriakos-scam-campaign-detected,"Jul 30, 2024 ... Notably, the scam websites were accessible only via mobile devices and ad lures, likely to evade automated scanners. Recorded Future recommends ...",Google Search API
Future trends in mobile ad fraud prevention,Accelerate your app's growth with Adjust | Adjust,https://www.adjust.com/,"Protect your data and budgets with proactive mobile ad fraud prevention. PC ... The future of mobile measurement. In this in-depth ebook, explore the ...",Google Search API
Ad fraud reporting mechanisms for mobile marketing,Mobile ad fraud: The marketer's field guide | AppsFlyer,https://www.appsflyer.com/resources/guides/mobile-ad-fraud-for-marketers/,This detailed guide will cover the evolving nature of online advertising fraud - specifically in mobile channels - along with the industry's evolution.,Google Search API
Ad fraud reporting mechanisms for mobile marketing,ReportFraud.ftc.gov,https://reportfraud.ftc.gov/,"Protect your community by reporting fraud, scams, and bad business practices.",Google Search API
Ad fraud reporting mechanisms for mobile marketing,Truth In Advertising | Federal Trade Commission,https://www.ftc.gov/news-events/topics/truth-advertising,Explore Data with the FTC - Find out about consumer fraud reports in your state and ... The FTC also monitors and writes reports about ad industry practices ...,Google Search API
Ad fraud reporting mechanisms for mobile marketing,How to Identify and Prevent Mobile Ad Fraud,https://tracker.my.com/blog/the-ultimate-guide-to-identifying-and-preventing-mobile-ad-fraud?lang=en,"Aug 26, 2022 ... App marketing and advertising are still generally profitable, but it's crucial to understand the signs of mobile ad fraud so that you can act ...",Google Search API
Ad fraud reporting mechanisms for mobile marketing,2022 Ad Fraud Report: Summary of Key Findings for Advertisers,https://blog.optickssecurity.com/2022-ad-fraud-report-key-findings-advertisers,"May 25, 2022 ... ... fraud prevention strategies relates to the susceptibility of different marketing channels to ad fraud. ... mobile, desktop, and CTVs; Our ...",Google Search API
Ad fraud reporting mechanisms for mobile marketing,What is Google's Privacy Sandbox on Android | Adjust,https://www.adjust.com/glossary/google-privacy-sandbox-on-android/,"Privacy Sandbox on Android is Google's privacy-first solution for personalized advertising, measurement, and attribution on mobile devices.",Google Search API
Ad fraud reporting mechanisms for mobile marketing,FAQ New - AppSamurai,https://appsamurai.com/frequently-asked-questions/,What reporting mechanisms are there on AppSamurai services? On the ... What is Mobile Ad Fraud? Deliberate deception of attribution methodologies ...,Google Search API
Ad fraud reporting mechanisms for mobile marketing,"Updated: DoubleVerify report, Ad fraud schemes using generative AI ...",https://digiday.com/media-buying/doubleverify-report-ad-fraud-schemes-using-generative-ai-will-increase-in-scale-sophistication/,"Jun 18, 2024 ... ... ads shown on desktop, mobile web, mobile app and connected TV platforms. ... fraud scheme depends on different mechanisms. “We'll start looking ...",Google Search API
Ad fraud reporting mechanisms for mobile marketing,Programmatic ad fraud detection: how to fortify AdTech platforms,https://xenoss.io/blog/programmatic-ad-fraud-detection,"Dec 15, 2021 ... Mobile measurement partner (MMP) — a platform in charge of the attribution in in-app campaigns that collect, store and organize app data for the ...",Google Search API
Ad fraud reporting mechanisms for mobile marketing,What is Mobile Retargeting Fraud? - YouAppi,https://youappi.com/what-is-mobile-retargeting-fraud/,"Sep 4, 2020 ... ... ad campaigns that target ... These tools combined with marketing partners' own reporting mechanisms control for the incidence of fraud.",Google Search API
